User, Nutzung, Dokument
Anna, neutral, Daimler Projektdatei 1
Anna, neutral, Daimler Projektdatei 2
Anna, favorisiert, Daimler Projektdatei 3
Anna, neutral, Daimler Protokoll
Anna, neutral, Projektplan 1
Anna, neutral, Projektplan 2
Anna, neutral, Projektplan 3
Anna, neutral, Meilenstein A
Anna, neutral, Meilenstein B
Anna, neutral, Meilenstein C
Anna, neutral, Bericht 26/3/2017
Anna, neutral, Bericht 31/3/2017
Anna, neutral, Bericht 24/3/2017
Erik, neutral, Daimler Projektdatei 1
Erik, neutral, Daimler Projektdatei 2
Erik, favorisiert, Daimler Projektdatei 3
Erik, neutral, Daimler Protokoll
Erik, neutral, Projektplan 1
Erik, neutral, Projektplan 2
Erik, neutral, Projektplan 3
Erik, neutral, Meilenstein A
Erik, neutral, Meilenstein B
Erik, neutral, Meilenstein C
Erik, neutral, Bericht 26/3/2017
Erik, neutral, Bericht 31/3/2017
Erik, neutral, Bericht 24/3/2017
Matthias, favorisiert, Daimler Projektdatei 1
Matthias, favorisiert, Daimler Projektdatei 2
Matthias, favorisiert, Daimler Projektdatei 3
Matthias, favorisiert, Daimler Protokoll
Matthias, favorisiert, Projektplan 1
Matthias, favorisiert, Projektplan 2
Matthias, neutral, Projektplan 3
Matthias, neutral, Meilenstein A
Matthias, neutral, Meilenstein B
Matthias, neutral, Meilenstein C
Matthias, neutral, Bericht 26/3/2017
Matthias, neutral, Bericht 31/3/2017
Matthias, favorisiert, Bericht 24/3/2017
Lena, favorisiert, Daimler Projektdatei 1
Lena, favorisiert, Daimler Projektdatei 2
Lena, favorisiert, Daimler Projektdatei 3
Lena, neutral, Daimler Protokoll
Lena, neutral, Projektplan 1
Lena, neutral, Projektplan 2
Lena, neutral, Projektplan 3
Lena, neutral, Meilenstein A
Lena, neutral, Meilenstein B
Lena, neutral, Meilenstein C
Lena, neutral, Bericht 26/3/2017
Lena, neutral, Bericht 31/3/2017
Lena, neutral, Bericht 24/3/2017
Alexander, favorisiert, Daimler Projektdatei 1
Alexander, favorisiert, Daimler Projektdatei 2
Alexander, favorisiert, Daimler Projektdatei 3
Alexander, neutral, Daimler Protokoll
Alexander, neutral, Projektplan 1
Alexander, neutral, Projektplan 2
Alexander, neutral, Projektplan 3
Alexander, neutral, Meilenstein A
Alexander, neutral, Meilenstein B
Alexander, neutral, Meilenstein C
Alexander, neutral, Bericht 26/3/2017
Alexander, neutral, Bericht 31/3/2017
Alexander, neutral, Bericht 24/3/2017
Beate, neutral, Daimler Projektdatei 1
Beate, favorisiert, Daimler Projektdatei 2
Beate, favorisiert, Daimler Projektdatei 3
Beate, favorisiert, Daimler Protokoll
Beate, neutral, Projektplan 1
Beate, neutral, Projektplan 2
Beate, neutral, Projektplan 3
Beate, neutral, Meilenstein A
Beate, neutral, Meilenstein B
Beate, favorisiert, Meilenstein C
Beate, favorisiert, Bericht 26/3/2017
Beate, neutral, Bericht 31/3/2017
Beate, neutral, Bericht 24/3/2017
Renate, neutral, Daimler Projektdatei 1
Renate, neutral, Daimler Projektdatei 2
Renate, neutral, Daimler Projektdatei 3
Renate, neutral, Daimler Protokoll
Renate, neutral, Projektplan 1
Renate, neutral, Projektplan 2
Renate, neutral, Projektplan 3
Renate, neutral, Meilenstein A
Renate, neutral, Meilenstein B
Renate, neutral, Meilenstein C
Renate, favorisiert, Bericht 26/3/2017
Renate, favorisiert, Bericht 31/3/2017
Renate, favorisiert, Bericht 24/3/2017
Manuel, favorisiert, Daimler Projektdatei 1
Manuel, neutral, Daimler Projektdatei 2
Manuel, favorisiert, Daimler Projektdatei 3
Manuel, neutral, Daimler Protokoll
Manuel, favorisiert, Projektplan 1
Manuel, neutral, Projektplan 2
Manuel, favorisiert, Projektplan 3
Manuel, neutral, Meilenstein A
Manuel, favorisiert, Meilenstein B
Manuel, favorisiert, Meilenstein C
Manuel, neutral, Bericht 26/3/2017
Manuel, neutral, Bericht 31/3/2017
Manuel, neutral, Bericht 24/3/2017
Benedikt, favorisiert, Daimler Projektdatei 1
Benedikt, favorisiert, Daimler Projektdatei 2
Benedikt, favorisiert, Daimler Projektdatei 3
Benedikt, favorisiert, Daimler Protokoll
Benedikt, neutral, Projektplan 1
Benedikt, favorisiert, Projektplan 2
Benedikt, neutral, Projektplan 3
Benedikt, favorisiert, Meilenstein A
Benedikt, neutral, Meilenstein B
Benedikt, favorisiert, Meilenstein C
Benedikt, neutral, Bericht 26/3/2017
Benedikt, favorisiert, Bericht 31/3/2017
Benedikt, neutral, Bericht 24/3/2017
Richard, favorisiert, Daimler Projektdatei 1
Richard, favorisiert, Daimler Projektdatei 2
Richard, favorisiert, Daimler Projektdatei 3
Richard, favorisiert, Daimler Protokoll
Richard, neutral, Projektplan 1
Richard, neutral, Projektplan 2
Richard, neutral, Projektplan 3
Richard, favorisiert, Meilenstein A
Richard, neutral, Meilenstein B
Richard, favorisiert, Meilenstein C
Richard, neutral, Bericht 26/3/2017
Richard, favorisiert, Bericht 31/3/2017
Richard, favorisiert, Bericht 24/3/2017
Emilia, neutral, Daimler Projektdatei 1
Emilia, favorisiert, Daimler Projektdatei 2
Emilia, favorisiert, Daimler Projektdatei 3
Emilia, favorisiert, Daimler Protokoll
Emilia, neutral, Projektplan 1
Emilia, neutral, Projektplan 2
Emilia, neutral, Projektplan 3
Emilia, neutral, Meilenstein A
Emilia, favorisiert, Meilenstein B
Emilia, neutral, Meilenstein C
Emilia, favorisiert, Bericht 26/3/2017
Emilia, neutral, Bericht 31/3/2017
Emilia, neutral, Bericht 24/3/2017
Elena, neutral, Daimler Projektdatei 1
Elena, favorisiert, Daimler Projektdatei 2
Elena, favorisiert, Daimler Projektdatei 3
Elena, favorisiert, Daimler Protokoll
Elena, neutral, Projektplan 1
Elena, neutral, Projektplan 2
Elena, neutral, Projektplan 3
Elena, neutral, Meilenstein A
Elena, favorisiert, Meilenstein B
Elena, neutral, Meilenstein C
Elena, favorisiert, Bericht 26/3/2017
Elena, neutral, Bericht 31/3/2017
Elena, neutral, Bericht 24/3/2017
Erika, neutral, Daimler Projektdatei 1
Erika, favorisiert, Daimler Projektdatei 2
Erika, favorisiert, Daimler Projektdatei 3
Erika, favorisiert, Daimler Protokoll
Erika, neutral, Projektplan 1
Erika, neutral, Projektplan 2
Erika, favorisiert, Projektplan 3
Erika, neutral, Meilenstein A
Erika, favorisiert, Meilenstein B
Erika, neutral, Meilenstein C
Erika, favorisiert, Bericht 26/3/2017
Erika, neutral, Bericht 31/3/2017
Erika, neutral, Bericht 24/3/2017
Benedikt, neutral, Projektplan 3
Benedikt, favorisiert, Meilenstein A
Benedikt, neutral, Meilenstein B
Benedikt, favorisiert, Meilenstein C
Benedikt, neutral, Bericht 26/3/2017
Benedikt, favorisiert, Bericht 31/3/2017
Benedikt, neutral, Bericht 24/3/2017
Richard, favorisiert, Rechnungswesen
Richard, neutral, Rechnungswesen 2
Richard, neutral, Rechnungswesen 3
Richard, neutral, Aloha 1
Richard, favorisiert, Aloha 2
Richard, neutral, Aloha 3
Richard, favorisiert, Daimler Projektdatei 1
Richard, favorisiert, Daimler Projektdatei 2
Richard, favorisiert, Daimler Projektdatei 3
Richard, favorisiert, Daimler Protokoll
Richard, neutral, Projektplan 1
Richard, neutral, Projektplan 2
Richard, neutral, Projektplan 3
Richard, favorisiert, Meilenstein A
Richard, neutral, Meilenstein B
Richard, favorisiert, Meilenstein C
Richard, neutral, Bericht 26/3/2017
Richard, favorisiert, Bericht 31/3/2017
Richard, favorisiert, Bericht 24/3/2017
Emilia, neutral, Rechnungswesen
Emilia, neutral, Rechnungswesen 2
Emilia, neutral, Rechnungswesen 3
Emilia, neutral, Aloha 1
Emilia, neutral, Aloha 2
Emilia, favorisiert, Aloha 3
Emilia, neutral, Daimler Projektdatei 1
Emilia, favorisiert, Daimler Projektdatei 2
Emilia, favorisiert, Daimler Projektdatei 3
Emilia, favorisiert, Daimler Protokoll
Emilia, neutral, Projektplan 1
Emilia, neutral, Projektplan 2
Emilia, neutral, Projektplan 3
Emilia, neutral, Meilenstein A
Emilia, favorisiert, Meilenstein B
Emilia, neutral, Meilenstein C
Emilia, favorisiert, Bericht 26/3/2017
Emilia, neutral, Bericht 31/3/2017
Emilia, neutral, Bericht 24/3/2017
